epoch,time,train/box_loss,train/seg_loss,train/cls_loss,train/dfl_loss,train/sem_loss,metrics/precision(B),metrics/recall(B),metrics/mAP50(B),metrics/mAP50-95(B),metrics/precision(M),metrics/recall(M),metrics/mAP50(M),metrics/mAP50-95(M),val/box_loss,val/seg_loss,val/cls_loss,val/dfl_loss,val/sem_loss,lr/pg0,lr/pg1,lr/pg2
1,36.2306,1.1654,6.37487,3.22349,1.56645,0,0.00543,0.61901,0.01034,0.00297,0.00226,0.27274,0.0026,0.00079,2.18203,5.49375,3.86428,2.14368,0,2.5e-05,2.5e-05,0.075025
2,44.1888,1.18395,6.48935,3.22311,1.57132,0,0.00592,0.61965,0.01296,0.00344,0.00209,0.25149,0.00255,0.00077,2.11228,5.5471,3.82666,2.1033,0,5.77558e-05,5.77558e-05,0.0417244
3,51.2016,0.98994,5.8604,3.12787,1.45298,0,0.00655,0.59287,0.10168,0.04997,0.00085,0.08384,0.00181,0.00035,1.02142,7.60256,3.40427,1.3229,0,8.98517e-05,8.98517e-05,0.00842318
4,58.2417,0.68622,4.60835,2.90015,1.24498,0,0.0065,0.64865,0.23124,0.13484,0.00184,0.1643,0.03001,0.00943,1.01355,6.55333,3.39625,1.3353,0,9.703e-05,9.703e-05,9.703e-05
5,65.0639,0.58376,4.59676,2.75388,1.19019,0,0.00637,0.60314,0.27874,0.16369,0.00228,0.20683,0.02748,0.01002,1.0353,5.79782,3.43017,1.38573,0,9.604e-05,9.604e-05,9.604e-05
6,72.0214,0.53733,4.47186,2.64737,1.17159,0,0.00654,0.58339,0.30438,0.19517,0.00289,0.25918,0.02476,0.00841,0.93025,5.36181,3.38617,1.29049,0,9.505e-05,9.505e-05,9.505e-05
7,79.0642,0.55291,4.37899,2.56216,1.16546,0,0.00726,0.60394,0.30442,0.20465,0.00336,0.28575,0.06569,0.02579,0.91606,5.26643,3.34678,1.2514,0,9.406e-05,9.406e-05,9.406e-05
8,85.9855,0.54448,4.27555,2.4771,1.13907,0,0.00897,0.62404,0.30041,0.2087,0.00391,0.29746,0.07564,0.03852,0.87588,5.13375,3.32862,1.20637,0,9.307e-05,9.307e-05,9.307e-05
9,92.9658,0.53915,4.28631,2.39003,1.1276,0,0.01149,0.67026,0.3182,0.22671,0.00476,0.30235,0.03909,0.01493,0.85524,4.77439,3.3047,1.19029,0,9.208e-05,9.208e-05,9.208e-05
10,99.9825,0.55467,4.08381,2.34408,1.13986,0,0.00972,0.68646,0.3278,0.23418,0.00427,0.32962,0.0343,0.01592,0.83005,4.66189,3.27386,1.17035,0,9.109e-05,9.109e-05,9.109e-05
11,106.975,0.56015,4.10742,2.26882,1.14359,0,0.00768,0.66139,0.32592,0.23339,0.00436,0.38656,0.07977,0.03919,0.85267,4.60337,3.26646,1.19077,0,9.01e-05,9.01e-05,9.01e-05
12,114.149,0.5817,4.18183,2.20855,1.15762,0,0.00724,0.6946,0.33034,0.24238,0.00367,0.35195,0.06596,0.02914,0.82117,4.38582,3.23179,1.15634,0,8.911e-05,8.911e-05,8.911e-05
13,121.185,0.52923,4.09205,2.11075,1.1326,0,0.00704,0.68504,0.34131,0.25428,0.00351,0.35611,0.04273,0.0166,0.77365,4.30311,3.1899,1.11874,0,8.812e-05,8.812e-05,8.812e-05
14,128.2,0.58641,4.01539,2.12464,1.14811,0,0.00731,0.70938,0.35621,0.26858,0.00387,0.39569,0.06543,0.02807,0.76202,4.17854,3.15262,1.10154,0,8.713e-05,8.713e-05,8.713e-05
15,135.435,0.5479,3.9216,1.97919,1.14001,0,0.00739,0.70301,0.36785,0.27567,0.00437,0.42474,0.08679,0.03929,0.77341,4.1253,3.09478,1.11161,0,8.614e-05,8.614e-05,8.614e-05
16,142.486,0.53589,3.95267,1.93067,1.13031,0,0.00775,0.72878,0.3784,0.28034,0.00468,0.43465,0.08461,0.0401,0.79348,4.10421,3.03323,1.12343,0,8.515e-05,8.515e-05,8.515e-05
17,149.591,0.54392,3.88994,1.88906,1.14569,0,0.00804,0.73125,0.3754,0.27618,0.0049,0.48052,0.08793,0.04277,0.79839,4.19574,3.00579,1.11558,0,8.416e-05,8.416e-05,8.416e-05
18,156.615,0.51812,3.88198,1.80624,1.12627,0,0.00834,0.7718,0.37387,0.27194,0.00511,0.48122,0.0927,0.05008,0.81249,4.13558,2.99546,1.12163,0,8.317e-05,8.317e-05,8.317e-05
19,163.719,0.51785,3.90161,1.77943,1.12456,0,0.00851,0.775,0.37262,0.26727,0.00527,0.48334,0.09359,0.05009,0.82735,4.07202,2.95722,1.14594,0,8.218e-05,8.218e-05,8.218e-05
20,170.675,0.52615,3.90858,1.73505,1.13215,0,0.96392,0.19482,0.36849,0.26536,0.10793,0.24081,0.08033,0.03883,0.84657,4.08367,2.89505,1.16217,0,8.119e-05,8.119e-05,8.119e-05
21,177.779,0.53564,3.78713,1.71513,1.13083,0,0.96517,0.14117,0.36769,0.2656,0.51323,0.10102,0.07742,0.03904,0.85797,4.18694,2.82163,1.18149,0,8.02e-05,8.02e-05,8.02e-05
22,184.853,0.5088,3.81406,1.6979,1.11995,0,0.96677,0.22237,0.36906,0.26921,0.61544,0.09723,0.10311,0.05436,0.87284,4.30064,2.76015,1.19187,0,7.921e-05,7.921e-05,7.921e-05
23,191.956,0.5065,3.67369,1.62218,1.10546,0,0.9287,0.23476,0.36631,0.26942,0.60799,0.10481,0.11237,0.06282,0.88931,4.37962,2.71207,1.22005,0,7.822e-05,7.822e-05,7.822e-05
24,199.053,0.52912,3.78298,1.6014,1.11401,0,0.94179,0.24235,0.37042,0.27211,0.58015,0.0982,0.0969,0.05845,0.88433,4.38949,2.6824,1.21325,0,7.723e-05,7.723e-05,7.723e-05
25,206.124,0.50893,3.72408,1.56469,1.11902,0,0.93596,0.25482,0.37612,0.28171,0.64299,0.12982,0.13083,0.07607,0.85654,4.6146,2.63476,1.18535,0,7.624e-05,7.624e-05,7.624e-05
26,213.156,0.49725,3.81833,1.53966,1.09755,0,0.92172,0.27283,0.38462,0.28603,0.66942,0.15482,0.15165,0.08807,0.84708,4.64473,2.58011,1.17262,0,7.525e-05,7.525e-05,7.525e-05
27,220.245,0.54042,3.67094,1.55969,1.11993,0,0.91353,0.2942,0.3934,0.28978,0.62604,0.14826,0.14429,0.08294,0.85596,4.59381,2.51159,1.1653,0,7.426e-05,7.426e-05,7.426e-05
28,227.439,0.49036,3.73425,1.50313,1.09774,0,0.90124,0.31532,0.38952,0.29006,0.61555,0.15909,0.14725,0.08701,0.89179,4.43762,2.46565,1.18654,0,7.327e-05,7.327e-05,7.327e-05
29,234.51,0.54475,3.60427,1.54406,1.12998,0,0.88611,0.3082,0.38982,0.28312,0.60563,0.1572,0.13968,0.07858,0.92107,4.58312,2.44315,1.216,0,7.228e-05,7.228e-05,7.228e-05
30,241.552,0.51005,3.64742,1.48502,1.09697,0,0.87197,0.3018,0.39003,0.28735,0.60449,0.1527,0.14478,0.07685,0.90617,5.00486,2.46375,1.21372,0,7.129e-05,7.129e-05,7.129e-05
31,248.658,0.50086,3.48885,1.45458,1.10107,0,0.86724,0.30003,0.42046,0.30172,0.61868,0.16261,0.16288,0.09596,0.88754,5.38062,2.42393,1.20582,0,7.03e-05,7.03e-05,7.03e-05
32,255.616,0.51596,3.49992,1.44456,1.10011,0,0.86702,0.31564,0.44748,0.31365,0.61283,0.16887,0.15933,0.09173,0.86707,4.89038,2.37694,1.18061,0,6.931e-05,6.931e-05,6.931e-05
33,262.624,0.50269,3.48452,1.42711,1.10016,0,0.84481,0.32805,0.4575,0.32593,0.55155,0.14955,0.11611,0.06469,0.86303,4.63433,2.30591,1.17125,0,6.832e-05,6.832e-05,6.832e-05
34,269.684,0.47856,3.49656,1.35557,1.08138,0,0.83631,0.34151,0.48919,0.34102,0.52682,0.14105,0.12324,0.06236,0.86317,4.62961,2.22158,1.17664,0,6.733e-05,6.733e-05,6.733e-05
35,276.699,0.48615,3.43879,1.3765,1.07967,0,0.7172,0.36373,0.45544,0.32721,0.22124,0.16266,0.13037,0.07088,0.90446,4.95121,2.20157,1.21979,0,6.634e-05,6.634e-05,6.634e-05
36,283.755,0.52102,3.51134,1.39517,1.11091,0,0.81541,0.3762,0.46702,0.31999,0.34915,0.19438,0.16917,0.10169,0.91638,4.9455,2.19763,1.22727,0,6.535e-05,6.535e-05,6.535e-05
37,290.742,0.50592,3.44633,1.35095,1.08888,0,0.81666,0.37289,0.46935,0.31964,0.57877,0.21069,0.18572,0.09998,0.89085,4.90894,2.18303,1.19042,0,6.436e-05,6.436e-05,6.436e-05
38,297.896,0.48033,3.41295,1.35414,1.09423,0,0.81148,0.38302,0.48286,0.3302,0.57676,0.22818,0.19314,0.09984,0.87012,4.89497,2.1687,1.17134,0,6.337e-05,6.337e-05,6.337e-05
39,304.899,0.46371,3.42057,1.30124,1.08827,0,0.81008,0.38326,0.47932,0.3292,0.47552,0.21498,0.19206,0.10434,0.88149,5.03717,2.19144,1.18888,0,6.238e-05,6.238e-05,6.238e-05
40,311.984,0.50359,3.3103,1.34183,1.09316,0,0.80933,0.38245,0.47746,0.32924,0.4748,0.22027,0.19484,0.10388,0.88823,5.17403,2.19441,1.20392,0,6.139e-05,6.139e-05,6.139e-05
41,318.924,0.50228,3.29105,1.32461,1.08876,0,0.79859,0.43388,0.48025,0.34041,0.42985,0.24357,0.19557,0.10246,0.87497,5.04159,2.10879,1.19567,0,6.04e-05,6.04e-05,6.04e-05
42,325.925,0.49892,3.38973,1.31669,1.09027,0,0.78361,0.43464,0.49762,0.35554,0.40741,0.23508,0.18614,0.10116,0.87636,5.07086,2.01986,1.20144,0,5.941e-05,5.941e-05,5.941e-05
43,332.931,0.48118,3.16942,1.30285,1.07934,0,0.79587,0.45087,0.50791,0.36133,0.38395,0.22661,0.18524,0.1006,0.86205,4.84949,1.9489,1.19082,0,5.842e-05,5.842e-05,5.842e-05
44,339.981,0.44699,3.16767,1.24832,1.0608,0,0.79448,0.42463,0.51004,0.36189,0.42759,0.21172,0.17907,0.09463,0.86804,4.64171,1.93019,1.1929,0,5.743e-05,5.743e-05,5.743e-05
45,346.967,0.4478,3.24149,1.22112,1.05506,0,0.78673,0.43915,0.50558,0.35075,0.4503,0.1876,0.15543,0.08846,0.85755,4.57558,1.9125,1.18759,0,5.644e-05,5.644e-05,5.644e-05
46,354.1,0.46633,3.27926,1.26441,1.06362,0,0.66231,0.44031,0.4825,0.3369,0.33183,0.21559,0.15932,0.08661,0.87863,4.7941,1.95224,1.20652,0,5.545e-05,5.545e-05,5.545e-05
47,360.979,0.45651,3.37828,1.2466,1.06546,0,0.68565,0.44923,0.4857,0.33616,0.32549,0.2117,0.15442,0.08569,0.88424,4.71849,1.94769,1.20957,0,5.446e-05,5.446e-05,5.446e-05
48,368.068,0.43829,3.17747,1.23277,1.0541,0,0.68736,0.44397,0.49277,0.33868,0.33378,0.20216,0.14965,0.07767,0.88394,4.747,1.91609,1.20507,0,5.347e-05,5.347e-05,5.347e-05
49,375.026,0.45159,3.23286,1.21078,1.06688,0,0.72264,0.44563,0.50924,0.35319,0.53833,0.19684,0.16529,0.08935,0.86814,4.74041,1.89683,1.19506,0,5.248e-05,5.248e-05,5.248e-05
50,382.059,0.44855,3.10307,1.21048,1.03963,0,0.74269,0.44376,0.50791,0.3614,0.5823,0.22693,0.20719,0.10701,0.8637,4.83337,1.89148,1.20144,0,5.149e-05,5.149e-05,5.149e-05
51,389.158,0.46006,3.00065,1.20353,1.06098,0,0.80887,0.42957,0.49683,0.35663,0.44389,0.25802,0.21597,0.11238,0.87553,5.13695,1.87879,1.21794,0,5.05e-05,5.05e-05,5.05e-05
52,396.135,0.45501,3.21703,1.21555,1.06178,0,0.72876,0.43935,0.49391,0.35083,0.41838,0.2481,0.1959,0.10356,0.8739,5.19145,1.84318,1.22169,0,4.951e-05,4.951e-05,4.951e-05
53,403.146,0.4583,3.17053,1.20863,1.06813,0,0.69096,0.45485,0.49285,0.35082,0.48943,0.19189,0.1622,0.09013,0.84924,5.03842,1.80649,1.19195,0,4.852e-05,4.852e-05,4.852e-05
54,410.262,0.42221,3.03199,1.19324,1.04615,0,0.67014,0.4545,0.49081,0.35233,0.52131,0.20345,0.16971,0.09531,0.83799,4.95623,1.81583,1.17511,0,4.753e-05,4.753e-05,4.753e-05
55,417.281,0.45592,3.15083,1.21025,1.07039,0,0.68774,0.45415,0.48972,0.35475,0.53777,0.20067,0.17149,0.10424,0.83906,4.90589,1.81783,1.17115,0,4.654e-05,4.654e-05,4.654e-05
56,424.272,0.41534,3.03869,1.1641,1.05494,0,0.63643,0.45592,0.50139,0.3584,0.36686,0.26718,0.21388,0.11531,0.86109,4.78707,1.8319,1.19432,0,4.555e-05,4.555e-05,4.555e-05
57,431.339,0.46691,3.15986,1.22779,1.06317,0,0.81324,0.44593,0.50516,0.36229,0.42136,0.27314,0.22848,0.11623,0.88458,4.5164,1.88495,1.22215,0,4.456e-05,4.456e-05,4.456e-05
58,438.537,0.42009,3.00444,1.17931,1.04302,0,0.76311,0.43961,0.54019,0.3631,0.38788,0.26362,0.20743,0.1141,0.885,4.40027,1.93107,1.22415,0,4.357e-05,4.357e-05,4.357e-05
59,445.48,0.44252,3.1582,1.18443,1.06658,0,0.75793,0.43252,0.53004,0.36087,0.37992,0.2498,0.20741,0.12123,0.87177,4.60807,1.94304,1.21894,0,4.258e-05,4.258e-05,4.258e-05
60,452.394,0.43114,3.13054,1.15527,1.04839,0,0.83732,0.45043,0.5356,0.36176,0.41377,0.24559,0.21035,0.12084,0.85903,4.68599,1.90582,1.20333,0,4.159e-05,4.159e-05,4.159e-05
61,459.547,0.41963,3.01403,1.13477,1.03205,0,0.70812,0.45549,0.52828,0.36453,0.31811,0.23709,0.18811,0.09931,0.83967,4.64129,1.85555,1.18005,0,4.06e-05,4.06e-05,4.06e-05
62,466.585,0.45397,3.10879,1.1791,1.05974,0,0.6628,0.48436,0.51625,0.35586,0.30339,0.22951,0.16533,0.08792,0.83175,4.55573,1.83407,1.17254,0,3.961e-05,3.961e-05,3.961e-05
63,473.633,0.46795,3.04951,1.18182,1.08209,0,0.59811,0.4515,0.48156,0.34101,0.32858,0.25647,0.19167,0.10272,0.83862,4.40457,1.86883,1.17788,0,3.862e-05,3.862e-05,3.862e-05
64,480.709,0.48359,3.05846,1.21629,1.0774,0,0.60339,0.42843,0.48938,0.34451,0.39358,0.23541,0.19232,0.10567,0.83493,4.34923,1.88169,1.17109,0,3.763e-05,3.763e-05,3.763e-05
65,487.677,0.42369,3.01627,1.14722,1.05535,0,0.56414,0.42865,0.48852,0.33954,0.41509,0.20671,0.17826,0.10113,0.83058,4.35814,1.86024,1.1588,0,3.664e-05,3.664e-05,3.664e-05
66,494.725,0.44858,2.95606,1.14031,1.076,0,0.59888,0.48082,0.52166,0.35506,0.31238,0.25209,0.18916,0.10011,0.82526,4.4246,1.81094,1.15866,0,3.565e-05,3.565e-05,3.565e-05
67,501.835,0.42772,3.04684,1.12758,1.03508,0,0.60987,0.48618,0.52112,0.35494,0.29384,0.25128,0.18378,0.09851,0.8228,4.40691,1.80391,1.15412,0,3.466e-05,3.466e-05,3.466e-05
68,508.902,0.45794,2.94715,1.12994,1.06229,0,0.61567,0.51052,0.51478,0.35488,0.28924,0.25205,0.17549,0.09656,0.82363,4.45881,1.81171,1.15558,0,3.367e-05,3.367e-05,3.367e-05
69,515.874,0.45417,2.9978,1.13755,1.06685,0,0.62116,0.48705,0.52387,0.36264,0.2968,0.25582,0.17497,0.09864,0.82798,4.58655,1.83642,1.16192,0,3.268e-05,3.268e-05,3.268e-05
70,522.909,0.42149,2.92852,1.09776,1.03961,0,0.67599,0.46718,0.52951,0.36267,0.40935,0.19515,0.18276,0.09757,0.84151,4.66915,1.8563,1.17742,0,3.169e-05,3.169e-05,3.169e-05
71,530.013,0.4298,2.91586,1.11066,1.05485,0,0.71017,0.46167,0.51053,0.36004,0.47136,0.19112,0.16759,0.09865,0.85083,4.73659,1.86578,1.18812,0,3.07e-05,3.07e-05,3.07e-05
72,537.033,0.44109,2.99213,1.09974,1.03487,0,0.73826,0.42708,0.50309,0.3617,0.52466,0.19112,0.17014,0.10122,0.85033,4.70061,1.85096,1.18646,0,2.971e-05,2.971e-05,2.971e-05
73,544.127,0.41125,2.97139,1.08161,1.04977,0,0.75517,0.4311,0.50422,0.36908,0.52619,0.19112,0.17302,0.10204,0.84201,4.60019,1.85181,1.17539,0,2.872e-05,2.872e-05,2.872e-05
74,551.188,0.4348,3.01785,1.07962,1.06019,0,0.67484,0.44957,0.49803,0.36461,0.33568,0.22377,0.17757,0.10138,0.83019,4.51353,1.84563,1.16774,0,2.773e-05,2.773e-05,2.773e-05
75,558.139,0.40922,2.9229,1.07574,1.03313,0,0.67459,0.47033,0.50029,0.36202,0.36029,0.24773,0.18923,0.10356,0.8264,4.48498,1.82747,1.16788,0,2.674e-05,2.674e-05,2.674e-05
76,565.254,0.43082,2.92422,1.08742,1.04398,0,0.67565,0.44231,0.50124,0.36541,0.36799,0.22471,0.17593,0.09709,0.81146,4.44757,1.79631,1.15457,0,2.575e-05,2.575e-05,2.575e-05
77,572.354,0.44146,2.9081,1.09284,1.04542,0,0.68055,0.44174,0.50413,0.36982,0.35132,0.25479,0.18811,0.09212,0.79869,4.30803,1.77809,1.14425,0,2.476e-05,2.476e-05,2.476e-05
78,579.428,0.42249,2.92016,1.08985,1.04851,0,0.67661,0.45007,0.50271,0.3743,0.33531,0.24559,0.18203,0.08872,0.79609,4.31086,1.76511,1.14116,0,2.377e-05,2.377e-05,2.377e-05
79,586.403,0.42256,2.86132,1.10301,1.05737,0,0.69093,0.45614,0.49567,0.35971,0.31704,0.23322,0.17637,0.08808,0.80213,4.38338,1.75339,1.13965,0,2.278e-05,2.278e-05,2.278e-05
80,593.466,0.40874,2.99275,1.06495,1.05425,0,0.66292,0.46017,0.50041,0.36381,0.34836,0.22188,0.15992,0.08379,0.80302,4.46319,1.7578,1.13673,0,2.179e-05,2.179e-05,2.179e-05
81,600.539,0.42835,2.92455,1.08639,1.05932,0,0.66327,0.45982,0.4984,0.36716,0.36626,0.22992,0.17085,0.08967,0.80334,4.50812,1.76682,1.13773,0,2.08e-05,2.08e-05,2.08e-05
82,607.609,0.43753,2.79697,1.05844,1.03107,0,0.6904,0.46296,0.50337,0.3684,0.38382,0.23199,0.17115,0.09032,0.80647,4.51135,1.77153,1.14012,0,1.981e-05,1.981e-05,1.981e-05
83,614.656,0.4246,2.89241,1.08793,1.03015,0,0.68768,0.46092,0.50395,0.37145,0.374,0.22858,0.16613,0.08613,0.79837,4.51275,1.775,1.128,0,1.882e-05,1.882e-05,1.882e-05
84,621.782,0.42036,2.80432,1.0549,1.02307,0,0.67501,0.46159,0.50002,0.36421,0.3638,0.23212,0.16559,0.08474,0.80762,4.42961,1.77378,1.13308,0,1.783e-05,1.783e-05,1.783e-05
85,628.809,0.40311,2.85549,1.06299,1.03013,0,0.63972,0.47124,0.50416,0.36446,0.33322,0.2318,0.1541,0.07534,0.80528,4.3977,1.7668,1.12738,0,1.684e-05,1.684e-05,1.684e-05
86,635.741,0.42923,2.86448,1.07053,1.05064,0,0.63291,0.46615,0.50528,0.36082,0.31903,0.26645,0.17061,0.07748,0.80141,4.44391,1.76729,1.12631,0,1.585e-05,1.585e-05,1.585e-05
87,642.725,0.4317,2.72136,1.0811,1.05376,0,0.71735,0.45834,0.50772,0.36457,0.32195,0.26965,0.17601,0.07668,0.7983,4.51317,1.76364,1.12517,0,1.486e-05,1.486e-05,1.486e-05
88,649.675,0.431,2.86084,1.07044,1.02526,0,0.63266,0.49669,0.50895,0.36524,0.30573,0.27283,0.16247,0.08093,0.79928,4.53148,1.76179,1.13033,0,1.387e-05,1.387e-05,1.387e-05
89,656.677,0.41593,2.87967,1.03997,1.04612,0,0.62647,0.49018,0.50726,0.36842,0.34735,0.29172,0.18362,0.0844,0.80218,4.5769,1.76416,1.1318,0,1.288e-05,1.288e-05,1.288e-05
90,663.692,0.42193,2.73103,1.06166,1.03872,0,0.60118,0.46458,0.49961,0.35817,0.31848,0.26823,0.18571,0.08575,0.80648,4.62265,1.76314,1.13528,0,1.189e-05,1.189e-05,1.189e-05
91,674.453,0.70904,2.37568,2.03816,1.26739,0,0.60853,0.46052,0.50013,0.35851,0.25496,0.24777,0.16937,0.08408,0.80782,4.68156,1.75152,1.13453,0,1.09e-05,1.09e-05,1.09e-05
92,681.568,0.6214,2.56344,1.96648,1.16556,0,0.63631,0.44811,0.50062,0.36074,0.41843,0.21409,0.17611,0.08934,0.81664,4.81887,1.74241,1.14879,0,9.91e-06,9.91e-06,9.91e-06
93,687.499,0.56742,2.33081,1.75776,1.17447,0,0.6692,0.43499,0.50319,0.35645,0.45818,0.21448,0.18713,0.09054,0.85303,4.96563,1.76472,1.1965,0,8.92e-06,8.92e-06,8.92e-06
94,693.412,0.51881,2.23783,1.58182,1.12527,0,0.67488,0.45113,0.48805,0.34384,0.27309,0.2158,0.14998,0.07796,0.90267,5.20102,1.81469,1.25611,0,7.93e-06,7.93e-06,7.93e-06
95,699.408,0.48896,2.33679,1.52475,1.1304,0,0.66838,0.44693,0.47097,0.32454,0.27369,0.21559,0.15045,0.07908,0.94038,5.33442,1.85602,1.29376,0,6.94e-06,6.94e-06,6.94e-06
96,705.382,0.50857,2.05743,1.44626,1.14409,0,0.68439,0.44693,0.46865,0.31902,0.29433,0.19504,0.14527,0.07502,0.94989,5.40322,1.86084,1.30063,0,5.95e-06,5.95e-06,5.95e-06
97,711.343,0.49048,2.03971,1.39431,1.09828,0,0.69986,0.44452,0.47397,0.32759,0.28097,0.18478,0.14021,0.07564,0.93479,5.3679,1.84257,1.28748,0,4.96e-06,4.96e-06,4.96e-06
98,717.394,0.47712,2.12062,1.42471,1.09959,0,0.69808,0.44481,0.47862,0.33774,0.3321,0.20133,0.14994,0.07649,0.91339,5.40507,1.82414,1.26417,0,3.97e-06,3.97e-06,3.97e-06
99,723.352,0.46301,2.09475,1.44822,1.08974,0,0.66566,0.44729,0.479,0.3393,0.35069,0.19956,0.1513,0.07597,0.88943,5.38105,1.8163,1.23598,0,2.98e-06,2.98e-06,2.98e-06
100,729.446,0.45873,2.19073,1.42667,1.10651,0,0.63633,0.45707,0.48947,0.34832,0.34831,0.20035,0.15862,0.07686,0.87665,5.40059,1.80957,1.22001,0,1.99e-06,1.99e-06,1.99e-06
